objectid,object_location,title,creator,date,description,subject,location,latitude,longitude,source,identifier,type,format,language,rights,rightsstatement,display_template
001,/objects/garcia_photo_2_0448r.jpg,El edificio de la Asociación Cristiana de Jovenes,"Cortés, Antonio; Carrillo, Antonio; Corona, Prisciliano; Escalante, José",1910-09-10,Asociación Cristiana de Jóvenes (Inauguraciones),Arquitectura;Inauguraciones;Iglesia Católica;Juventud,"Ciudad de México, México",19.432934,-99.148595,"Genaro García Collection: Photographs, Benson Latin American Collection, LLILAS Benson Latin American Studies and Collections, The University of Texas at Austin",448,Fotografía,image/jpeg,spa,Dominio público,https://creativecommons.org/publicdomain/mark/1.0/,image
002,/objects/garcia_photo_1_0246r.jpg,[La vanguardia del desfile de carros alegóricos del comercio],"Cortés, Antonio; Carrillo, Antonio; Corona, Prisciliano; Escalante, José",1910-09-04,Desfile de carros alegóricos del Comercio (Procesiones públicas),Carrozas de desfiles;Industrias manufactureras,"Ciudad de México, México",,,"Genaro García Collection: Photographs, Benson Latin American Collection, LLILAS Benson Latin American Studies and Collections, The University of Texas at Austin",246,Fotografía,image/jpeg,spa,Dominio público,https://creativecommons.org/publicdomain/mark/1.0/,image
003,/objects/garcia_photo_1_0248r.jpg,La vanguardia del desfile de carros alegóricos del comercio,"Cortés, Antonio; Carrillo, Antonio; Corona, Prisciliano; Escalante, José",1910-09-04,Desfile de carros alegóricos del Comercio (Procesiones públicas),Carrozas de desfiles;Industrias manufactureras,"Ciudad de México, México",,,"Genaro García Collection: Photographs, Benson Latin American Collection, LLILAS Benson Latin American Studies and Collections, The University of Texas at Austin",248,Fotografía,image/jpeg,spa,Dominio público,https://creativecommons.org/publicdomain/mark/1.0/,image
004,/objects/garcia_photo_1_0249r.jpg,[La vanguardia del desfile de carros alegóricos del comercio],"Cortés, Antonio; Carrillo, Antonio; Corona, Prisciliano; Escalante, José",1910-09-04,Desfile de carros alegóricos del Comercio (Procesiones públicas),Carrozas de desfiles;Industrias manufactureras,"Ciudad de México, México",,,"Genaro García Collection: Photographs, Benson Latin American Collection, LLILAS Benson Latin American Studies and Collections, The University of Texas at Austin",249,Fotografía,image/jpeg,spa,Dominio público,https://creativecommons.org/publicdomain/mark/1.0/,image
005,/objects/garcia_photo_2_0257r.jpg,El carro alegórico de la Agricultura,"Cortés, Antonio; Carrillo, Antonio; Corona, Prisciliano; Escalante, José",1910-09-04,Desfile de carros alegóricos del Comercio (Procesiones públicas),Carrozas de desfiles;Industrias manufactureras,"Ciudad de México, México",19.471922,-99.195622,"Genaro García Collection: Photographs, Benson Latin American Collection, LLILAS Benson Latin American Studies and Collections, The University of Texas at Austin",257,Fotografía,image/jpeg,spa,Dominio público,https://creativecommons.org/publicdomain/mark/1.0/,image
006,/objects/garcia_photo_2_0261r.jpg,[El carro alegórico de la Agricultura],"Cortés, Antonio; Carrillo, Antonio; Corona, Prisciliano; Escalante, José",1910-09-04,Desfile de carros alegóricos del Comercio (Procesiones públicas),Mujeres;Carrozas de desfiles;Industrias manufactureras,"Ciudad de México, México",,,"Genaro García Collection: Photographs, Benson Latin American Collection, LLILAS Benson Latin American Studies and Collections, The University of Texas at Austin",261,Fotografía,image/jpeg,spa,Dominio público,https://creativecommons.org/publicdomain/mark/1.0/,image
007,/objects/garcia_photo_2_0269r.jpg,El carro alegórico de la Cervecería de Toluca y México,"Cortés, Antonio; Carrillo, Antonio; Corona, Prisciliano; Escalante, José",1910-09-04,Desfile de carros alegóricos del Comercio (Procesiones públicas),Cerveceros;Carrozas de desfiles;Industrias manufactureras,"Ciudad de México, México",,,"Genaro García Collection: Photographs, Benson Latin American Collection, LLILAS Benson Latin American Studies and Collections, The University of Texas at Austin",269,Fotografía,image/jpeg,spa,Dominio público,https://creativecommons.org/publicdomain/mark/1.0/,image
008,/objects/garcia_photo_2_0281r.jpg,"El carro alegórico de ""El Palacio de Hierro""","Cortés, Antonio; Carrillo, Antonio; Corona, Prisciliano; Escalante, José",1910-09-04,Desfile de carros alegóricos del Comercio (Procesiones públicas),Carrozas de desfiles;Industrias manufactureras,"Ciudad de México, México",,,"Genaro García Collection: Photographs, Benson Latin American Collection, LLILAS Benson Latin American Studies and Collections, The University of Texas at Austin",281,Fotografía,image/jpeg,spa,Dominio público,https://creativecommons.org/publicdomain/mark/1.0/,image
009,/objects/garcia_photo_2_0283r.jpg,"[El carro alegórico de ""El Palacio de Hierro""]","Cortés, Antonio; Carrillo, Antonio; Corona, Prisciliano; Escalante, José",1910-09-04,Desfile de carros alegóricos del Comercio (Procesiones públicas),Carrozas de desfiles;Industrias manufactureras,"Ciudad de México, México",,,"Genaro García Collection: Photographs, Benson Latin American Collection, LLILAS Benson Latin American Studies and Collections, The University of Texas at Austin",283,Fotografía,image/jpeg,spa,Dominio público,https://creativecommons.org/publicdomain/mark/1.0/,image
010,/objects/garcia_photo_1_0215r.jpg,[Flecheros mexicanos],"Cortés, Antonio; Carrillo, Antonio; Corona, Prisciliano; Escalante, José",1910-09-15,Desfile Histórico (Procesiones públicas),Indígenas;Procesiones,"Ciudad de México, México",19.434054,-99.140318,"Genaro García Collection: Photographs, Benson Latin American Collection, LLILAS Benson Latin American Studies and Collections, The University of Texas at Austin",215,Fotografía,image/jpeg,spa,Dominio público,https://creativecommons.org/publicdomain/mark/1.0/,image
011,/objects/garcia_photo_1_0216r.jpg,Guerreros mexicanos,"Cortés, Antonio; Carrillo, Antonio; Corona, Prisciliano; Escalante, José",1910-09-15,Desfile Histórico (Procesiones públicas),Indígenas;Procesiones,"Ciudad de México, México",19.434054,-99.140318,"Genaro García Collection: Photographs, Benson Latin American Collection, LLILAS Benson Latin American Studies and Collections, The University of Texas at Austin",216,Fotografía,image/jpeg,spa,Dominio público,https://creativecommons.org/publicdomain/mark/1.0/,image
012,/objects/garcia_photo_1_0217r.jpg,Caballeros-Tigres,"Cortés, Antonio; Carrillo, Antonio; Corona, Prisciliano; Escalante, José",1910-09-15,Desfile Histórico (Procesiones públicas),Indígenas;Procesiones,"Ciudad de México, México",19.434054,-99.140318,"Genaro García Collection: Photographs, Benson Latin American Collection, LLILAS Benson Latin American Studies and Collections, The University of Texas at Austin",217,Fotografía,image/jpeg,spa,Dominio público,https://creativecommons.org/publicdomain/mark/1.0/,image
013,/objects/garcia_photo_1_0223r.jpg,Doña Marina y sus acompañantes,"Cortés, Antonio; Carrillo, Antonio; Corona, Prisciliano; Escalante, José",1910-09-15,Desfile Histórico (Procesiones públicas),Indígenas;Mujeres;Procesiones,"Ciudad de México, México",19.434054,-99.140318,"Genaro García Collection: Photographs, Benson Latin American Collection, LLILAS Benson Latin American Studies and Collections, The University of Texas at Austin",223,Fotografía,image/jpeg,spa,Dominio público,https://creativecommons.org/publicdomain/mark/1.0/,image
014,/objects/garcia_photo_1_0230r.jpg,"El Oidor decano, el Virrey y el Alférez Real","Cortés, Antonio; Carrillo, Antonio; Corona, Prisciliano; Escalante, José",1910-09-15,Desfile Histórico (Procesiones públicas),Procesiones,"Ciudad de México, México",19.434054,-99.140318,"Genaro García Collection: Photographs, Benson Latin American Collection, LLILAS Benson Latin American Studies and Collections, The University of Texas at Austin",230,Fotografía,image/jpeg,spa,Dominio público,https://creativecommons.org/publicdomain/mark/1.0/,image
015,/objects/garcia_photo_1_0237r.jpg,Carro alegórico del Estado de Michoacán,"Cortés, Antonio; Carrillo, Antonio; Corona, Prisciliano; Escalante, José",1910-09-15,Desfile Histórico (Procesiones públicas),Procesiones,"Ciudad de México, México",19.434054,-99.140318,"Genaro García Collection: Photographs, Benson Latin American Collection, LLILAS Benson Latin American Studies and Collections, The University of Texas at Austin",237,Fotografía,image/jpeg,spa,Dominio público,https://creativecommons.org/publicdomain/mark/1.0/,image
016,/objects/garcia_photo_2_0389r.jpg,Calles del 5 de Febrero (Norte a Sur),"Cortés, Antonio; Carrillo, Antonio; Corona, Prisciliano; Escalante, José",1910-09-16,El Grito,Vida en la calle,"Ciudad de México, México",19.432445,-99.131193,"Genaro García Collection: Photographs, Benson Latin American Collection, LLILAS Benson Latin American Studies and Collections, The University of Texas at Austin",389,Fotografía,image/jpeg,spa,Dominio público,https://creativecommons.org/publicdomain/mark/1.0/,image
017,/objects/garcia_photo_2_0390r.jpg,[Avenida del 5 de Mayo],"Cortés, Antonio; Carrillo, Antonio; Corona, Prisciliano; Escalante, José",1910-09-16,El Grito,Vida en la calle,"Ciudad de México, México",19.36533,-99.204539,"Genaro García Collection: Photographs, Benson Latin American Collection, LLILAS Benson Latin American Studies and Collections, The University of Texas at Austin",390,Fotografía,image/jpeg,spa,Dominio público,https://creativecommons.org/publicdomain/mark/1.0/,image
018,/objects/garcia_photo_2_0392r.jpg,[Avenida del 5 de Mayo],"Cortés, Antonio; Carrillo, Antonio; Corona, Prisciliano; Escalante, José",1910-09-16,El Grito,Vida en la calle,"Ciudad de México, México",19.36533,-99.204539,"Genaro García Collection: Photographs, Benson Latin American Collection, LLILAS Benson Latin American Studies and Collections, The University of Texas at Austin",392,Fotografía,image/jpeg,spa,Dominio público,https://creativecommons.org/publicdomain/mark/1.0/,image
019,/objects/garcia_photo_2_0393r.jpg,Avenida de San Francisco (Ponientea Oriente),"Cortés, Antonio; Carrillo, Antonio; Corona, Prisciliano; Escalante, José",1910-09-16,El Grito,Vida en la calle,"Ciudad de México, México",19.371727,-99.1759,"Genaro García Collection: Photographs, Benson Latin American Collection, LLILAS Benson Latin American Studies and Collections, The University of Texas at Austin",393,Fotografía,image/jpeg,spa,Dominio público,https://creativecommons.org/publicdomain/mark/1.0/,image
020,/objects/garcia_photo_2_0394r.jpg,Avenida de San Francisco (Ponientea Oriente),"Cortés, Antonio; Carrillo, Antonio; Corona, Prisciliano; Escalante, José",1910-09-16,El Grito,Vida en la calle,"Ciudad de México, México",19.371727,-99.1759,"Genaro García Collection: Photographs, Benson Latin American Collection, LLILAS Benson Latin American Studies and Collections, The University of Texas at Austin",394,Fotografía,image/jpeg,spa,Dominio público,https://creativecommons.org/publicdomain/mark/1.0/,image
021,/objects/garcia_photo_2_0395r.jpg,Avenida de San Francisco (Ponientea Oriente),"Cortés, Antonio; Carrillo, Antonio; Corona, Prisciliano; Escalante, José",1910-09-16,El Grito,Vida en la calle,"Ciudad de México, México",19.371727,-99.1759,"Genaro García Collection: Photographs, Benson Latin American Collection, LLILAS Benson Latin American Studies and Collections, The University of Texas at Austin",395,Fotografía,image/jpeg,spa,Dominio público,https://creativecommons.org/publicdomain/mark/1.0/,image
022,/objects/garcia_photo_2_0396r.jpg,Avenida de San Francisco (Ponientea Oriente),"Cortés, Antonio; Carrillo, Antonio; Corona, Prisciliano; Escalante, José",1910-09-16,El Grito,Mujeres;Indígenas;Vida en la calle,"Ciudad de México, México",19.371727,-99.1759,"Genaro García Collection: Photographs, Benson Latin American Collection, LLILAS Benson Latin American Studies and Collections, The University of Texas at Austin",396,Fotografía,image/jpeg,spa,Dominio público,https://creativecommons.org/publicdomain/mark/1.0/,image
023,/objects/garcia_photo_2_0398r.jpg,Avenida del 16 de Septiembre (Oriente a Poniente),"Cortés, Antonio; Carrillo, Antonio; Corona, Prisciliano; Escalante, José",1910-09-16,El Grito,Vida en la calle,"Ciudad de México, México",19.295863,-99.011768,"Genaro García Collection: Photographs, Benson Latin American Collection, LLILAS Benson Latin American Studies and Collections, The University of Texas at Austin",398,Fotografía,image/jpeg,spa,Dominio público,https://creativecommons.org/publicdomain/mark/1.0/,image
024,/objects/garcia_photo_2_0399r.jpg,[Detalle de adorno de la Avenida Juárez],"Cortés, Antonio; Carrillo, Antonio; Corona, Prisciliano; Escalante, José",1910-09-16,El Grito,Vida en la calle,"Ciudad de México, México",19.35658,-99.298129,"Genaro García Collection: Photographs, Benson Latin American Collection, LLILAS Benson Latin American Studies and Collections, The University of Texas at Austin",399,Fotografía,image/jpeg,spa,Dominio público,https://creativecommons.org/publicdomain/mark/1.0/,image
025,/objects/garcia_photo_3_0510r.jpg,Salida de concurrentes a la inauguración del Manicomio General,"Cortés, Antonio; Carrillo, Antonio; Corona, Prisciliano; Escalante, José",1910-09-01,El Manicomio General (Inauguraciones de establecimientos públicos),Mujeres;Atención médica;Inauguraciones,"Ciudad de México, México",19.371022,-99.189446,"Genaro García Collection: Photographs, Benson Latin American Collection, LLILAS Benson Latin American Studies and Collections, The University of Texas at Austin",510,Fotografía,image/jpeg,spa,Dominio público,https://creativecommons.org/publicdomain/mark/1.0/,image
026,/objects/garcia_photo_3_0513r.jpg,[Inauguración del Manicomio General],"Cortés, Antonio; Carrillo, Antonio; Corona, Prisciliano; Escalante, José",1910-09-01,El Manicomio General (Inauguraciones de establecimientos públicos),Mujeres;Atención médica;Inauguraciones,"Ciudad de México, México",19.371022,-99.189446,"Genaro García Collection: Photographs, Benson Latin American Collection, LLILAS Benson Latin American Studies and Collections, The University of Texas at Austin",513,Fotografía,image/jpeg,spa,Dominio público,https://creativecommons.org/publicdomain/mark/1.0/,image
027,/objects/garcia_photo_3_0528r.jpg,[Edificio para enfermas distinguidas en el Manicomio General],"Cortés, Antonio; Carrillo, Antonio; Corona, Prisciliano; Escalante, José",1910-09-01,El Manicomio General (Inauguraciones de establecimientos públicos),Mujeres;Atención médica;Inauguraciones,"Ciudad de México, México",19.371022,-99.189446,"Genaro García Collection: Photographs, Benson Latin American Collection, LLILAS Benson Latin American Studies and Collections, The University of Texas at Austin",528,Fotografía,image/jpeg,spa,Dominio público,https://creativecommons.org/publicdomain/mark/1.0/,image
028,/objects/garcia_photo_2_0290r.jpg,El Sr. Dip. D. Manuel H. San Juan lee su Canto a Morelos,"Cortés, Antonio; Carrillo, Antonio; Corona, Prisciliano; Escalante, José",1910-09-21,En la prisión de Morelos (Descubrimientos de lápidas conmemorativas),"Placas;Cárceles;Morelos, José María, 1765-1815","Ciudad de México, México",,,"Genaro García Collection: Photographs, Benson Latin American Collection, LLILAS Benson Latin American Studies and Collections, The University of Texas at Austin",290,Fotografía,image/jpeg,spa,Dominio público,https://creativecommons.org/publicdomain/mark/1.0/,image
029,/objects/garcia_photo_2_0292r.jpg,Lapida conmemorativa de la prisión de Morelos,"Cortés, Antonio; Carrillo, Antonio; Corona, Prisciliano; Escalante, José",1910-09-21,En la prisión de Morelos (Descubrimientos de lápidas conmemorativas),"Placas;Cárceles;Morelos, José María, 1765-1815","Ciudad de México, México",,,"Genaro García Collection: Photographs, Benson Latin American Collection, LLILAS Benson Latin American Studies and Collections, The University of Texas at Austin",292,Fotografía,image/jpeg,spa,Dominio público,https://creativecommons.org/publicdomain/mark/1.0/,image
030,/objects/garcia_photo_2_0293r.jpg,Lápida conmemorativa en la 1a de la Merced #154,"Cortés, Antonio; Carrillo, Antonio; Corona, Prisciliano; Escalante, José",1910-09-09,La casa mortuoria del Lic. Andres Quintana Roo (Descubrimientos de lápidas conmemorativas),"Fotógrafos;Placas;Quintana Roo, Andrés, 1787-1851","Ciudad de México, México",,,"Genaro García Collection: Photographs, Benson Latin American Collection, LLILAS Benson Latin American Studies and Collections, The University of Texas at Austin",293,Fotografía,image/jpeg,spa,Dominio público,https://creativecommons.org/publicdomain/mark/1.0/,image
031,/objects/garcia_photo_3_0674r.jpg,"Vista parcial de los tendidos de la plaza de toros ""El Toreo"", el día de la corrida del Centenario","Cortés, Antonio; Carrillo, Antonio; Corona, Prisciliano; Escalante, José",1910-09-15,Fiestas en las demarcaciones de la ciudad / Corrida del Centenario,Entretenimiento,"Ciudad de México, México",,,"Genaro García Collection: Photographs, Benson Latin American Collection, LLILAS Benson Latin American Studies and Collections, The University of Texas at Austin",674,Fotografía,image/jpeg,spa,Dominio público,https://creativecommons.org/publicdomain/mark/1.0/,image
032,/objects/garcia_photo_3_0675r.jpg,"[Vista parcial de los tendidos de la plaza de toros ""El Toreo"", el día de la corrida del Centenario]","Cortés, Antonio; Carrillo, Antonio; Corona, Prisciliano; Escalante, José",1910-09-15,Fiestas en las demarcaciones de la ciudad / Corrida del Centenario,Entretenimiento,"Ciudad de México, México",,,"Genaro García Collection: Photographs, Benson Latin American Collection, LLILAS Benson Latin American Studies and Collections, The University of Texas at Austin",675,Fotografía,image/jpeg,spa,Dominio público,https://creativecommons.org/publicdomain/mark/1.0/,image
033,/objects/garcia_photo_4_0986r.jpg,"Entrada de la cuadrilla de toreros en la plaza de toros ""El Toreo"", el día de la corrida del Centenario","Cortés, Antonio; Carrillo, Antonio; Corona, Prisciliano; Escalante, José",1910-09-15,Fiestas en las demarcaciones de la ciudad / Corrida del Centenario,Entretenimiento,"Ciudad de México, México",,,"Genaro García Collection: Photographs, Benson Latin American Collection, LLILAS Benson Latin American Studies and Collections, The University of Texas at Austin",986,Fotografía,image/jpeg,spa,Dominio público,https://creativecommons.org/publicdomain/mark/1.0/,image
034,/objects/garcia_photo_3_0645r.jpg,Garden - Party en Chapultepec.,"Cortés, Antonio; Carrillo, Antonio; Corona, Prisciliano; Escalante, José",1910-09-22,Garden party en Chapultepec,"Mujeres;Fiestas;Bosque de Chapultepec, Miguel Hidalgo, Ciudad de México, México","Ciudad de México, México",19.419481,-99.189456,"Genaro García Collection: Photographs, Benson Latin American Collection, LLILAS Benson Latin American Studies and Collections, The University of Texas at Austin",645,Fotografía,image/jpeg,spa,Dominio público,https://creativecommons.org/publicdomain/mark/1.0/,image
035,/objects/garcia_photo_3_0657r.jpg,[Vista parcial de la iluminación del lago de Chapultepec],"Cortés, Antonio; Carrillo, Antonio; Corona, Prisciliano; Escalante, José",1910-09-22,Garden party en Chapultepec,"Fiestas;Bosque de Chapultepec, Miguel Hidalgo, Ciudad de México, México","Ciudad de México, México",19.419481,-99.189456,"Genaro García Collection: Photographs, Benson Latin American Collection, LLILAS Benson Latin American Studies and Collections, The University of Texas at Austin",657,Fotografía,image/jpeg,spa,Dominio público,https://creativecommons.org/publicdomain/mark/1.0/,image
036,/objects/garcia_photo_3_0661r.jpg,El fuerte y uno de los buques del lago de Chapultepec,"Cortés, Antonio; Carrillo, Antonio; Corona, Prisciliano; Escalante, José",1910-09-22,Garden party en Chapultepec,"Fiestas;Bosque de Chapultepec, Miguel Hidalgo, Ciudad de México, México","Ciudad de México, México",19.419481,-99.189456,"Genaro García Collection: Photographs, Benson Latin American Collection, LLILAS Benson Latin American Studies and Collections, The University of Texas at Austin",661,Fotografía,image/jpeg,spa,Dominio público,https://creativecommons.org/publicdomain/mark/1.0/,image
037,/objects/garcia_photo_3_0701r.jpg,La Avenida de San Francisco durante el gran desfile militar,"Cortés, Antonio; Carrillo, Antonio; Corona, Prisciliano; Escalante, José",1910-09-16,Gran desfile,Procesiones,"Ciudad de México, México",,,"Genaro García Collection: Photographs, Benson Latin American Collection, LLILAS Benson Latin American Studies and Collections, The University of Texas at Austin",701,Fotografía,image/jpeg,spa,Dominio público,https://creativecommons.org/publicdomain/mark/1.0/,image
038,/objects/garcia_photo_3_0706r.jpg,Los alumnos del Colegio Militar en el gran desfile militar,"Cortés, Antonio; Carrillo, Antonio; Corona, Prisciliano; Escalante, José",1910-09-16,Gran desfile,Procesiones,"Ciudad de México, México",19.432445,-99.131193,"Genaro García Collection: Photographs, Benson Latin American Collection, LLILAS Benson Latin American Studies and Collections, The University of Texas at Austin",706,Fotografía,image/jpeg,spa,Dominio público,https://creativecommons.org/publicdomain/mark/1.0/,image
039,/objects/garcia_photo_3_0707r.jpg,[Los alumnos de la Escuela de Aspirantes en el gran desfile militar],"Cortés, Antonio; Carrillo, Antonio; Corona, Prisciliano; Escalante, José",1910-09-16,Gran desfile,Procesiones,"Ciudad de México, México",19.432445,-99.131193,"Genaro García Collection: Photographs, Benson Latin American Collection, LLILAS Benson Latin American Studies and Collections, The University of Texas at Austin",707,Fotografía,image/jpeg,spa,Dominio público,https://creativecommons.org/publicdomain/mark/1.0/,image
040,/objects/garcia_photo_1_0186r.jpg,[La Comisión N. del Centenario en la gran procesión cívica],"Cortés, Antonio; Carrillo, Antonio; Corona, Prisciliano; Escalante, José",1910-09-14,Gran procesión cívica (Procesiones públicas),Procesiones,"Ciudad de México, México",,,"Genaro García Collection: Photographs, Benson Latin American Collection, LLILAS Benson Latin American Studies and Collections, The University of Texas at Austin",186,Fotografía,image/jpeg,spa,Dominio público,https://creativecommons.org/publicdomain/mark/1.0/,image
041,/objects/garcia_photo_1_0188r.jpg,La gran procesión cívica pasa por la Avenida de San Francisco,"Cortés, Antonio; Carrillo, Antonio; Corona, Prisciliano; Escalante, José",1910-09-14,Gran procesión cívica (Procesiones públicas),Procesiones,"Ciudad de México, México",19.311932,-99.237327,"Genaro García Collection: Photographs, Benson Latin American Collection, LLILAS Benson Latin American Studies and Collections, The University of Texas at Austin",188,Fotografía,image/jpeg,spa,Dominio público,https://creativecommons.org/publicdomain/mark/1.0/,image
042,/objects/garcia_photo_1_0193r.jpg,[La Comisión N. del Centenario en la gran procesión cívica],"Cortés, Antonio; Carrillo, Antonio; Corona, Prisciliano; Escalante, José",1910-09-14,Gran procesión cívica (Procesiones públicas),Procesiones,"Ciudad de México, México",19.434394,-99.133082,"Genaro García Collection: Photographs, Benson Latin American Collection, LLILAS Benson Latin American Studies and Collections, The University of Texas at Austin",193,Fotografía,image/jpeg,spa,Dominio público,https://creativecommons.org/publicdomain/mark/1.0/,image
043,/objects/garcia_photo_2_0336r.jpg,[La compañía de alumnos del Colegio Militar que hizo la guardia de honor en el homenaje a los niños héroes de 1847],"Cortés, Antonio; Carrillo, Antonio; Corona, Prisciliano; Escalante, José",1910-09-08,Homenaje á los niños héroes de 1847 (Actos cívicos solemnes),"Guerra de México, 1846-1848;Niños y niñas;Bosque de Chapultepec, Miguel Hidalgo, Ciudad de México, México","Ciudad de México, México",19.419481,-99.189456,"Genaro García Collection: Photographs, Benson Latin American Collection, LLILAS Benson Latin American Studies and Collections, The University of Texas at Austin",336,Fotografía,image/jpeg,spa,Dominio público,https://creativecommons.org/publicdomain/mark/1.0/,image
044,/objects/garcia_photo_2_0339r.jpg,La concurrencia al acto oficial del homenaje a los niños héroes de 1847 ,"Cortés, Antonio; Carrillo, Antonio; Corona, Prisciliano; Escalante, José",1910-09-08,Homenaje á los niños héroes de 1847 (Actos cívicos solemnes),"Guerra de México, 1846-1848;Niños y niñas;Bosque de Chapultepec, Miguel Hidalgo, Ciudad de México, México","Ciudad de México, México",19.419481,-99.189456,"Genaro García Collection: Photographs, Benson Latin American Collection, LLILAS Benson Latin American Studies and Collections, The University of Texas at Austin",339,Fotografía,image/jpeg,spa,Dominio público,https://creativecommons.org/publicdomain/mark/1.0/,image
045,/objects/garcia_photo_2_0344r.jpg,El público frente al monumento a los niños héroes de 1847,"Cortés, Antonio; Carrillo, Antonio; Corona, Prisciliano; Escalante, José",1910-09-08,Homenaje á los niños héroes de 1847 (Actos cívicos solemnes),"Guerra de México, 1846-1848;Niños y niñas;Bosque de Chapultepec, Miguel Hidalgo, Ciudad de México, México","Ciudad de México, México",19.419481,-99.189456,"Genaro García Collection: Photographs, Benson Latin American Collection, LLILAS Benson Latin American Studies and Collections, The University of Texas at Austin",344,Fotografía,image/jpeg,spa,Dominio público,https://creativecommons.org/publicdomain/mark/1.0/,image
046,/objects/garcia_photo_2_0309r.jpg,[Coronas que los michoacanos depositaron al pie del monumento a Morelos],"Cortés, Antonio; Carrillo, Antonio; Corona, Prisciliano; Escalante, José",1910-09-11,Homenaje de la colonia michoacana á Morelos (Procesiones públicas),"Procesiones;Michoacán, México;Morelos, José María, 1765-1815","Ciudad de México, México",19.416398,-99.159269,"Genaro García Collection: Photographs, Benson Latin American Collection, LLILAS Benson Latin American Studies and Collections, The University of Texas at Austin",309,Fotografía,image/jpeg,spa,Dominio público,https://creativecommons.org/publicdomain/mark/1.0/,image
047,/objects/garcia_photo_2_0313r.jpg,[El publico presencia el homenaje de los michoacanos a Morelos],"Cortés, Antonio; Carrillo, Antonio; Corona, Prisciliano; Escalante, José",1910-09-11,Homenaje de la colonia michoacana á Morelos (Procesiones públicas),"Procesiones;Michoacán, México;Morelos, José María, 1765-1815","Ciudad de México, México",19.416398,-99.159269,"Genaro García Collection: Photographs, Benson Latin American Collection, LLILAS Benson Latin American Studies and Collections, The University of Texas at Austin",313,Fotografía,image/jpeg,spa,Dominio público,https://creativecommons.org/publicdomain/mark/1.0/,image
048,/objects/garcia_photo_2_0314r.jpg,El publico presencia el homenaje de los michoacanos a Morelos,"Cortés, Antonio; Carrillo, Antonio; Corona, Prisciliano; Escalante, José",1910-09-11,Homenaje de la colonia michoacana á Morelos (Procesiones públicas),"Procesiones;Michoacán, México;Morelos, José María, 1765-1815","Ciudad de México, México",19.416398,-99.159269,"Genaro García Collection: Photographs, Benson Latin American Collection, LLILAS Benson Latin American Studies and Collections, The University of Texas at Austin",314,Fotografía,image/jpeg,spa,Dominio público,https://creativecommons.org/publicdomain/mark/1.0/,image
049,/objects/garcia_photo_3_0690r.jpg,Vista general de la Fábrica de Pólvora,"Cortés, Antonio; Carrillo, Antonio; Corona, Prisciliano; Escalante, José",1910-09-28,Inauguración de la Fábrica de Pólvora,Inauguración;Industrias manufactureras,"Ciudad de México, México",,,"Genaro García Collection: Photographs, Benson Latin American Collection, LLILAS Benson Latin American Studies and Collections, The University of Texas at Austin",690,Fotografía,image/jpeg,spa,Dominio público,https://creativecommons.org/publicdomain/mark/1.0/,image
050,/objects/garcia_photo_3_0691r.jpg,[El Sr. Presidente de la Republica y sus acompañantes en la Fábrica de Pólvora],"Cortés, Antonio; Carrillo, Antonio; Corona, Prisciliano; Escalante, José",1910-09-28,Inauguración de la Fábrica de Pólvora,"Inauguración;Industrias manufactureras;Díaz, Porfirio, 1830-1915","Ciudad de México, México",,,"Genaro García Collection: Photographs, Benson Latin American Collection, LLILAS Benson Latin American Studies and Collections, The University of Texas at Austin",691,Fotografía,image/jpeg,spa,Dominio público,https://creativecommons.org/publicdomain/mark/1.0/,image
051,/objects/garcia_photo_3_0692r.jpg,[El Sr. Presidente de la Republica y sus acompañantes en la Fábrica de Pólvora],"Cortés, Antonio; Carrillo, Antonio; Corona, Prisciliano; Escalante, José",1910-09-28,Inauguración de la Fábrica de Pólvora,"Inauguración;Industrias manufactureras;Díaz, Porfirio, 1830-1915","Ciudad de México, México",,,"Genaro García Collection: Photographs, Benson Latin American Collection, LLILAS Benson Latin American Studies and Collections, The University of Texas at Austin",692,Fotografía,image/jpeg,spa,Dominio público,https://creativecommons.org/publicdomain/mark/1.0/,image
052,/objects/garcia_photo_1_0131r.jpg,Aspecto del Jardín del Colegio de Niñas durante el acto de la inauguración del reloj publico donado por la colonia otomana,"Cortés, Antonio; Carrillo, Antonio; Corona, Prisciliano; Escalante, José",1910-09-22,Inauguración de un reloj público (Turquía),Mujeres;Inauguración;Maquinaria;Turquía,"Ciudad de México, México",19.37144,-99.183845,"Genaro García Collection: Photographs, Benson Latin American Collection, LLILAS Benson Latin American Studies and Collections, The University of Texas at Austin",131,Fotografía,image/jpeg,spa,Dominio público,https://creativecommons.org/publicdomain/mark/1.0/,image
053,/objects/garcia_photo_1_0133r.jpg,[Aspecto del Jardín del Colegio de Niñas durante el acto de la inauguración del reloj publico donado por la colonia otomana],"Cortés, Antonio; Carrillo, Antonio; Corona, Prisciliano; Escalante, José",1910-09-22,Inauguración de un reloj público (Turquía),Mujeres;Indígenas;Inauguración;Maquinaria;Turquía,"Ciudad de México, México",19.37144,-99.183845,"Genaro García Collection: Photographs, Benson Latin American Collection, LLILAS Benson Latin American Studies and Collections, The University of Texas at Austin",133,Fotografía,image/jpeg,spa,Dominio público,https://creativecommons.org/publicdomain/mark/1.0/,image
054,/objects/garcia_photo_4_0793r.jpg,"Los Sres. Pimentel, Letayf y De Landa al pie del reloj publico donado por la colonia otomana","Cortés, Antonio; Carrillo, Antonio; Corona, Prisciliano; Escalante, José",1910-09-22,Inauguración de un reloj público (Turquía),Inauguración;Maquinaria;Turquía,"Ciudad de México, México",19.329561,-99.186782,"Genaro García Collection: Photographs, Benson Latin American Collection, LLILAS Benson Latin American Studies and Collections, The University of Texas at Austin",793,Fotografía,image/jpeg,spa,Dominio público,https://creativecommons.org/publicdomain/mark/1.0/,image
055,/objects/garcia_photo_2_0367r.jpg,Niños que juraron la bandera en la Plaza de San Sebastian,"Cortés, Antonio; Carrillo, Antonio; Corona, Prisciliano; Escalante, José",1910-09-06,Jura de la bandera por los niños de las escuelas de la Capital,Mujeres;Niños y niñas;Plazas;Multitudes;Banderas;Educación,"Ciudad de México, México",,,"Genaro García Collection: Photographs, Benson Latin American Collection, LLILAS Benson Latin American Studies and Collections, The University of Texas at Austin",367,Fotografía,image/jpeg,spa,Dominio público,https://creativecommons.org/publicdomain/mark/1.0/,image
056,/objects/garcia_photo_2_0369r.jpg,Otro aspecto de la Plaza de San Sebastián durante la jura de la bandera por los niños,"Cortés, Antonio; Carrillo, Antonio; Corona, Prisciliano; Escalante, José",1910-09-06,Jura de la bandera por los niños de las escuelas de la Capital,Mujeres;Niños y niñas;Plazas;Multitudes;Educación;Banderas,"Ciudad de México, México",,,"Genaro García Collection: Photographs, Benson Latin American Collection, LLILAS Benson Latin American Studies and Collections, The University of Texas at Austin",369,Fotografía,image/jpeg,spa,Dominio público,https://creativecommons.org/publicdomain/mark/1.0/,image
057,/objects/garcia_photo_2_0372r.jpg,[Grupo de niñas que juraron la bandera en la Plaza del Carmen],"Cortés, Antonio; Carrillo, Antonio; Corona, Prisciliano; Escalante, José",1910-09-06,Jura de la bandera por los niños de las escuelas de la Capital,Mujeres;Niños y niñas;Plazas;Multitudes;Banderas;Educación,"Ciudad de México, México",,,"Genaro García Collection: Photographs, Benson Latin American Collection, LLILAS Benson Latin American Studies and Collections, The University of Texas at Austin",372,Fotografía,image/jpeg,spa,Dominio público,https://creativecommons.org/publicdomain/mark/1.0/,image
058,/objects/garcia_photo_2_0376r.jpg,[El acto oficial que precedió a la jura de la bandera por los obreros],"Cortés, Antonio; Carrillo, Antonio; Corona, Prisciliano; Escalante, José",1910-09-30,Jura de la bandera por los obreros de la Capital,Clase obrera;Banderas,"Ciudad de México, México",,,"Genaro García Collection: Photographs, Benson Latin American Collection, LLILAS Benson Latin American Studies and Collections, The University of Texas at Austin",376,Fotografía,image/jpeg,spa,Dominio público,https://creativecommons.org/publicdomain/mark/1.0/,image
059,/objects/garcia_photo_2_0379r.jpg,La jura de la bandera por los obreros,"Cortés, Antonio; Carrillo, Antonio; Corona, Prisciliano; Escalante, José",1910-09-30,Jura de la bandera por los obreros de la Capital,Clase obrera;Banderas,"Ciudad de México, México",,,"Genaro García Collection: Photographs, Benson Latin American Collection, LLILAS Benson Latin American Studies and Collections, The University of Texas at Austin",379,Fotografía,image/jpeg,spa,Dominio público,https://creativecommons.org/publicdomain/mark/1.0/,image
060,/objects/garcia_photo_4_0850r.jpg,[El acto oficial que precedió a la jura de la bandera por los obreros],"Cortés, Antonio; Carrillo, Antonio; Corona, Prisciliano; Escalante, José",1910-09-30,Jura de la bandera por los obreros de la Capital,Clase obrera;Banderas,"Ciudad de México, México",,,"Genaro García Collection: Photographs, Benson Latin American Collection, LLILAS Benson Latin American Studies and Collections, The University of Texas at Austin",850,Fotografía,image/jpeg,spa,Dominio público,https://creativecommons.org/publicdomain/mark/1.0/,image
061,/objects/garcia_photo_2_0380r.jpg,La mesa presidencial en la apoteosis de los héroes de la Independencia,"Cortés, Antonio; Carrillo, Antonio; Corona, Prisciliano; Escalante, José",1910-10-06,La apoteosis de los héroes de la Independencia (Actos cívicos solemnes),,"Ciudad de México, México",19.432445,-99.131193,"Genaro García Collection: Photographs, Benson Latin American Collection, LLILAS Benson Latin American Studies and Collections, The University of Texas at Austin",380,Fotografía,image/jpeg,spa,Dominio público,https://creativecommons.org/publicdomain/mark/1.0/,image
062,/objects/garcia_photo_2_0382r.jpg,"Aspecto del catafalco levantado en honor de los héroes de la Independencia, durante la apoteosis de estos","Cortés, Antonio; Carrillo, Antonio; Corona, Prisciliano; Escalante, José",1910-10-06,La apoteosis de los héroes de la Independencia (Actos cívicos solemnes),,"Ciudad de México, México",19.432445,-99.131193,"Genaro García Collection: Photographs, Benson Latin American Collection, LLILAS Benson Latin American Studies and Collections, The University of Texas at Austin",382,Fotografía,image/jpeg,spa,Dominio público,https://creativecommons.org/publicdomain/mark/1.0/,image
063,/objects/garcia_photo_2_0383r.jpg,"[Aspecto del catafalco levantado en honor de los héroes de la Independencia, durante la apoteosis de estos]","Cortés, Antonio; Carrillo, Antonio; Corona, Prisciliano; Escalante, José",1910-10-06,La apoteosis de los héroes de la Independencia (Actos cívicos solemnes),,"Ciudad de México, México",19.432445,-99.131193,"Genaro García Collection: Photographs, Benson Latin American Collection, LLILAS Benson Latin American Studies and Collections, The University of Texas at Austin",383,Fotografía,image/jpeg,spa,Dominio público,https://creativecommons.org/publicdomain/mark/1.0/,image
064,/objects/garcia_photo_1_0086r.jpg,La concurrencia a la ceremonia relativa al monumento a Isabel la Católica,"Cortés, Antonio; Carrillo, Antonio; Corona, Prisciliano; Escalante, José",1910-09-09,Monumento á Isabel la Católica (Actos oficiales solemnes),"Monumentos;Colocación de la primera piedra;España;Isabella I, Queen of Spain, 1451-1504","Ciudad de México, México",19.295863,-99.011768,"Genaro García Collection: Photographs, Benson Latin American Collection, LLILAS Benson Latin American Studies and Collections, The University of Texas at Austin",86,Fotografía,image/jpeg,spa,Dominio público,https://creativecommons.org/publicdomain/mark/1.0/,image
065,/objects/garcia_photo_1_0088r.jpg,La mesa presidencial en la ceremonia relativa al monumento a Isabel la Católica,"Cortés, Antonio; Carrillo, Antonio; Corona, Prisciliano; Escalante, José",1910-09-09,Monumento á Isabel la Católica (Actos oficiales solemnes),"Monumentos;Colocación de la primera piedra;España;Isabella I, Queen of Spain, 1451-1504","Ciudad de México, México",19.295863,-99.011768,"Genaro García Collection: Photographs, Benson Latin American Collection, LLILAS Benson Latin American Studies and Collections, The University of Texas at Austin",88,Fotografía,image/jpeg,spa,Dominio público,https://creativecommons.org/publicdomain/mark/1.0/,image
066,/objects/garcia_photo_1_0089r.jpg,El Sr. presidente presidiendo el acto oficial el día de la colocación de la primera piedra del monumento a Isabel la Católica.,"Cortés, Antonio; Carrillo, Antonio; Corona, Prisciliano; Escalante, José",1910-09-09,Monumento á Isabel la Católica (Actos oficiales solemnes),"Monumentos;Colocación de la primera piedra;España;Isabella I, Queen of Spain, 1451-1504;Díaz, Porfirio, 1830-1915","Ciudad de México, México",19.295863,-99.011768,"Genaro García Collection: Photographs, Benson Latin American Collection, LLILAS Benson Latin American Studies and Collections, The University of Texas at Austin",89,Fotografía,image/jpeg,spa,Dominio público,https://creativecommons.org/publicdomain/mark/1.0/,image
067,/objects/garcia_photo_1_0106r.jpg,[S. E. el Sr. Embajador Permanente de Estados Unidos llega a la tribuna oficial donde se efectuó el acto relativo al monumento a Washington],"Cortés, Antonio; Carrillo, Antonio; Corona, Prisciliano; Escalante, José",1910-09-11,Monumento á Washington (Estados Unidos de América),"Embajadores;Monumentos;Estados Unidos de América;Wilson, Henry Lane, 1857-1932;Washington, George, 1732-1799","Ciudad de México, México",19.42771,-99.158663,"Genaro García Collection: Photographs, Benson Latin American Collection, LLILAS Benson Latin American Studies and Collections, The University of Texas at Austin",106,Fotografía,image/jpeg,spa,Dominio público,https://creativecommons.org/publicdomain/mark/1.0/,image
068,/objects/garcia_photo_1_0107r.jpg,El Sr. Presidente de la República llega a la tribuna oficial donde se efectuó el acto relativo al monumento a Washington,"Cortés, Antonio; Carrillo, Antonio; Corona, Prisciliano; Escalante, José",1910-09-11,Monumento á Washington (Estados Unidos de América),"Monumentos;Estados Unidos de América;Díaz, Porfirio, 1830-1915;Washington, George, 1732-1799","Ciudad de México, México",19.42771,-99.158663,"Genaro García Collection: Photographs, Benson Latin American Collection, LLILAS Benson Latin American Studies and Collections, The University of Texas at Austin",107,Fotografía,image/jpeg,spa,Dominio público,https://creativecommons.org/publicdomain/mark/1.0/,image
069,/objects/garcia_photo_1_0108r.jpg,S. E. el Sr. Embajador Permanente de Estados Unidos pronuncia su discurso relativo al monumento a Washington,"Cortés, Antonio; Carrillo, Antonio; Corona, Prisciliano; Escalante, José",1910-09-11,Monumento á Washington (Estados Unidos de América),"Monumentos;Estados Unidos de América;Washington, George, 1732-1799","Ciudad de México, México",19.42771,-99.158663,"Genaro García Collection: Photographs, Benson Latin American Collection, LLILAS Benson Latin American Studies and Collections, The University of Texas at Austin",108,Fotografía,image/jpeg,spa,Dominio público,https://creativecommons.org/publicdomain/mark/1.0/,image
070,/objects/garcia_photo_3_0558r.jpg,[El acto de la inauguración de las obras de la Penitenciaria],"Cortés, Antonio; Carrillo, Antonio; Corona, Prisciliano; Escalante, José",1910-09-29,Obras de ampliación de la Penitenciaria del Distrito Federal (Inauguraciones),Inauguraciones;Cárceles,"Ciudad de México, México",19.436505,-99.115872,"Genaro García Collection: Photographs, Benson Latin American Collection, LLILAS Benson Latin American Studies and Collections, The University of Texas at Austin",558,Fotografía,image/jpeg,spa,Dominio público,https://creativecommons.org/publicdomain/mark/1.0/,image
071,/objects/garcia_photo_3_0559r.jpg,[El Sr. Vicepresidente de la Republica visita la Penitenciaria],"Cortés, Antonio; Carrillo, Antonio; Corona, Prisciliano; Escalante, José",1910-09-29,Obras de ampliación de la Penitenciaria del Distrito Federal (Inauguraciones),"Inauguraciones;Cárceles;Corral, Ramón, 1854-1912","Ciudad de México, México",19.436505,-99.115872,"Genaro García Collection: Photographs, Benson Latin American Collection, LLILAS Benson Latin American Studies and Collections, The University of Texas at Austin",559,Fotografía,image/jpeg,spa,Dominio público,https://creativecommons.org/publicdomain/mark/1.0/,image
072,/objects/garcia_photo_3_0564r.jpg,[El Sr. Vicepresidente de la Republica visita la Penitenciaria],"Cortés, Antonio; Carrillo, Antonio; Corona, Prisciliano; Escalante, José",1910-09-29,Obras de ampliación de la Penitenciaria del Distrito Federal (Inauguraciones),"Mujeres;Inauguraciones;Cárceles;Corral, Ramón, 1854-1912","Ciudad de México, México",19.436505,-99.115872,"Genaro García Collection: Photographs, Benson Latin American Collection, LLILAS Benson Latin American Studies and Collections, The University of Texas at Austin",564,Fotografía,image/jpeg,spa,Dominio público,https://creativecommons.org/publicdomain/mark/1.0/,image
073,/objects/garcia_photo_2_0463r.jpg,[Aspecto de una estación de las obras de aguas potables],"Cortés, Antonio; Carrillo, Antonio; Corona, Prisciliano; Escalante, José",1910-09-21,Obras de aprovisionamiento de aguas (Inauguraciones),Inauguraciones;Obras públicas,"Ciudad de México, México",,,"Genaro García Collection: Photographs, Benson Latin American Collection, LLILAS Benson Latin American Studies and Collections, The University of Texas at Austin",463,Fotografía,image/jpeg,spa,Dominio público,https://creativecommons.org/publicdomain/mark/1.0/,image
074,/objects/garcia_photo_2_0467r.jpg,[Aspecto de una estación de las obras de aguas potables],"Cortés, Antonio; Carrillo, Antonio; Corona, Prisciliano; Escalante, José",1910-09-21,Obras de aprovisionamiento de aguas (Inauguraciones),Mujeres;Inauguraciones;Obras públicas,"Ciudad de México, México",,,"Genaro García Collection: Photographs, Benson Latin American Collection, LLILAS Benson Latin American Studies and Collections, The University of Texas at Austin",467,Fotografía,image/jpeg,spa,Dominio público,https://creativecommons.org/publicdomain/mark/1.0/,image
075,/objects/garcia_photo_2_0468r.jpg,Torre de entrada al estanque donde se efectuó el acto relativo a las obras de aguas potables,"Cortés, Antonio; Carrillo, Antonio; Corona, Prisciliano; Escalante, José",1910-09-21,Obras de aprovisionamiento de aguas (Inauguraciones),Inauguraciones;Obras públicas,"Ciudad de México, México",,,"Genaro García Collection: Photographs, Benson Latin American Collection, LLILAS Benson Latin American Studies and Collections, The University of Texas at Austin",468,Fotografía,image/jpeg,spa,Dominio público,https://creativecommons.org/publicdomain/mark/1.0/,image
076,/objects/garcia_photo_2_0475r.jpg,Aspecto exterior de la tienda donde se efectuó el acto de la inauguración de las obras de ensanche del Desagüe,"Cortés, Antonio; Carrillo, Antonio; Corona, Prisciliano; Escalante, José",1910-09-26,Obras de ensanche del Desagüe del Valle (Inauguraciones),Inauguraciones;Obras públicas,"Ciudad de México, México",,,"Genaro García Collection: Photographs, Benson Latin American Collection, LLILAS Benson Latin American Studies and Collections, The University of Texas at Austin",475,Fotografía,image/jpeg,spa,Dominio público,https://creativecommons.org/publicdomain/mark/1.0/,image
077,/objects/garcia_photo_2_0478r.jpg,Los invitados recorren las obras exteriores del tunel de Tequixquiac,"Cortés, Antonio; Carrillo, Antonio; Corona, Prisciliano; Escalante, José",1910-09-26,Obras de ensanche del Desagüe del Valle (Inauguraciones),Inauguraciones;Obras públicas,"Ciudad de México, México",,,"Genaro García Collection: Photographs, Benson Latin American Collection, LLILAS Benson Latin American Studies and Collections, The University of Texas at Austin",478,Fotografía,image/jpeg,spa,Dominio público,https://creativecommons.org/publicdomain/mark/1.0/,image
078,/objects/garcia_photo_2_0481r.jpg,Vista general de las obras exteriores del túnel de Tequixquiac,"Cortés, Antonio; Carrillo, Antonio; Corona, Prisciliano; Escalante, José",1910-09-26,Obras de ensanche del Desagüe del Valle (Inauguraciones),Inauguraciones;Obras públicas,"Ciudad de México, México",,,"Genaro García Collection: Photographs, Benson Latin American Collection, LLILAS Benson Latin American Studies and Collections, The University of Texas at Austin",481,Fotografía,image/jpeg,spa,Dominio público,https://creativecommons.org/publicdomain/mark/1.0/,image
079,/objects/garcia_photo_1_0022r.jpg,Los marinos argentinos marchan a depositar su ofrenda de flores ante la Columna de la Independencia,"Cortés, Antonio; Carrillo, Antonio; Corona, Prisciliano; Escalante, José",1910-09-18,Ofrenda de flores ante la Columna de la Independencia (Argentina),Inauguración;Arquitectura;Monumentos;Regalos diplomáticos;Argentina,"Ciudad de México, México",19.427025,-99.167665,"Genaro García Collection: Photographs, Benson Latin American Collection, LLILAS Benson Latin American Studies and Collections, The University of Texas at Austin",22,Fotografía,image/jpeg,spa,Dominio público,https://creativecommons.org/publicdomain/mark/1.0/,image
080,/objects/garcia_photo_3_0551r.jpg,Los obreros en valla de honor frente a las obras del Palacio Legislativo,"Cortés, Antonio; Carrillo, Antonio; Corona, Prisciliano; Escalante, José",1910-09-23,Palacio del Poder Legislativo (Colocaciones de primevas piedras),Fotógrafos;Colocación de la primera piedra;Poder legislativo;Arquitectura,"Ciudad de México, México",19.430278,-99.1175,"Genaro García Collection: Photographs, Benson Latin American Collection, LLILAS Benson Latin American Studies and Collections, The University of Texas at Austin",551,Fotografía,image/jpeg,spa,Dominio público,https://creativecommons.org/publicdomain/mark/1.0/,image
081,/objects/garcia_photo_3_0552r.jpg,Salida de la concurrencia al acto de la colocación de la primera piedra del Palacio Legislativo,"Cortés, Antonio; Carrillo, Antonio; Corona, Prisciliano; Escalante, José",1910-09-23,Palacio del Poder Legislativo (Colocaciones de primevas piedras),Fotógrafos;Colocación de la primera piedra;Poder legislativo;Arquitectura,"Ciudad de México, México",19.430278,-99.1175,"Genaro García Collection: Photographs, Benson Latin American Collection, LLILAS Benson Latin American Studies and Collections, The University of Texas at Austin",552,Fotografía,image/jpeg,spa,Dominio público,https://creativecommons.org/publicdomain/mark/1.0/,image
082,/objects/garcia_photo_3_0556r.jpg,Un teatro del Parque Obrero de Valbuena,"Cortés, Antonio; Carrillo, Antonio; Corona, Prisciliano; Escalante, José",1910-09-17,Parque Obrero de Valbuena (Inauguraciones),Mujeres;Indígenas;Inauguraciones;Parques;Clase obrera,"Ciudad de México, México",19.415772,-99.107331,"Genaro García Collection: Photographs, Benson Latin American Collection, LLILAS Benson Latin American Studies and Collections, The University of Texas at Austin",556,Fotografía,image/jpeg,spa,Dominio público,https://creativecommons.org/publicdomain/mark/1.0/,image
083,/objects/garcia_photo_3_0557r.jpg,Los columpios del Parque Obrero de Valbuena,"Cortés, Antonio; Carrillo, Antonio; Corona, Prisciliano; Escalante, José",1910-09-17,Parque Obrero de Valbuena (Inauguraciones),Inauguraciones;Parques;Clase obrera,"Ciudad de México, México",19.415772,-99.107331,"Genaro García Collection: Photographs, Benson Latin American Collection, LLILAS Benson Latin American Studies and Collections, The University of Texas at Austin",557,Fotografía,image/jpeg,spa,Dominio público,https://creativecommons.org/publicdomain/mark/1.0/,image
084,/objects/garcia_photo_4_0924r.jpg,Un kiosco del Parque Obrero de Valbuena,"Cortés, Antonio; Carrillo, Antonio; Corona, Prisciliano; Escalante, José",1910-09-17,Parque Obrero de Valbuena (Inauguraciones),Mujeres;Indígenas;Inauguraciones;Parques;Clase obrera,"Ciudad de México, México",19.415772,-99.107331,"Genaro García Collection: Photographs, Benson Latin American Collection, LLILAS Benson Latin American Studies and Collections, The University of Texas at Austin",924,Fotografía,image/jpeg,spa,Dominio público,https://creativecommons.org/publicdomain/mark/1.0/,image
085,/objects/garcia_photo_2_0286r.jpg,[Grupo de individuos de la procesión de antorcha],"Cortés, Antonio; Carrillo, Antonio; Corona, Prisciliano; Escalante, José",1910-09-19,Procesión de antorchas (Procesiones públicas),Procesiones;Vida nocturna,"Ciudad de México, México",,,"Genaro García Collection: Photographs, Benson Latin American Collection, LLILAS Benson Latin American Studies and Collections, The University of Texas at Austin",286,Fotografía,image/jpeg,spa,Dominio público,https://creativecommons.org/publicdomain/mark/1.0/,image
086,/objects/garcia_photo_2_0287r.jpg,[Grupo de individuos de la procesión de antorcha],"Cortés, Antonio; Carrillo, Antonio; Corona, Prisciliano; Escalante, José",1910-09-19,Procesión de antorchas (Procesiones públicas),Procesiones;Vida nocturna,"Ciudad de México, México",,,"Genaro García Collection: Photographs, Benson Latin American Collection, LLILAS Benson Latin American Studies and Collections, The University of Texas at Austin",287,Fotografía,image/jpeg,spa,Dominio público,https://creativecommons.org/publicdomain/mark/1.0/,image
087,/objects/garcia_photo_2_0288r.jpg,Grupo de individuos de la procesión de antorcha,"Cortés, Antonio; Carrillo, Antonio; Corona, Prisciliano; Escalante, José",1910-09-19,Procesión de antorchas (Procesiones públicas),Procesiones;Vida nocturna,"Ciudad de México, México",,,"Genaro García Collection: Photographs, Benson Latin American Collection, LLILAS Benson Latin American Studies and Collections, The University of Texas at Austin",288,Fotografía,image/jpeg,spa,Dominio público,https://creativecommons.org/publicdomain/mark/1.0/,image
088,/objects/garcia_photo_3_0716r.jpg,[Vista general de los asistentes a las maniobras militares],"Cortés, Antonio; Carrillo, Antonio; Corona, Prisciliano; Escalante, José",1910-09-25,Simulacro de batalla,Recreaciones históricas;Fuerzas Armadas,"Ciudad de México, México",,,"Genaro García Collection: Photographs, Benson Latin American Collection, LLILAS Benson Latin American Studies and Collections, The University of Texas at Austin",716,Fotografía,image/jpeg,spa,Dominio público,https://creativecommons.org/publicdomain/mark/1.0/,image
089,/objects/garcia_photo_3_0717r.jpg,[Vista general de los asistentes a las maniobras militares],"Cortés, Antonio; Carrillo, Antonio; Corona, Prisciliano; Escalante, José",1910-09-25,Simulacro de batalla,Recreaciones históricas;Fuerzas Armadas,"Ciudad de México, México",,,"Genaro García Collection: Photographs, Benson Latin American Collection, LLILAS Benson Latin American Studies and Collections, The University of Texas at Austin",717,Fotografía,image/jpeg,spa,Dominio público,https://creativecommons.org/publicdomain/mark/1.0/,image
090,/objects/garcia_photo_3_0718r.jpg,Carruajes de los concurrentes a las maniobras militares,"Cortés, Antonio; Carrillo, Antonio; Corona, Prisciliano; Escalante, José",1910-09-25,Simulacro de batalla,Recreaciones históricas;Fuerzas Armadas,"Ciudad de México, México",,,"Genaro García Collection: Photographs, Benson Latin American Collection, LLILAS Benson Latin American Studies and Collections, The University of Texas at Austin",718,Fotografía,image/jpeg,spa,Dominio público,https://creativecommons.org/publicdomain/mark/1.0/,image
091,/objects/garcia_photo_2_0400r.jpg,Edificio de los Telégrafos Federales,"Cortés, Antonio; Carrillo, Antonio; Corona, Prisciliano; Escalante, José",1910-09-16,El Grito,Arquitectura;Vida en la calle,"Ciudad de México, México",,,"Genaro García Collection: Photographs, Benson Latin American Collection, LLILAS Benson Latin American Studies and Collections, The University of Texas at Austin",400,Fotografía,image/jpeg,spa,Dominio público,https://creativecommons.org/publicdomain/mark/1.0/,image
092,/objects/garcia_photo_2_0401r.jpg,"Edificio de ""La Valenciana""","Cortés, Antonio; Carrillo, Antonio; Corona, Prisciliano; Escalante, José",1910-09-16,El Grito,Arquitectura;Vida en la calle,"Ciudad de México, México",19.383972,-99.057519,"Genaro García Collection: Photographs, Benson Latin American Collection, LLILAS Benson Latin American Studies and Collections, The University of Texas at Austin",401,Fotografía,image/jpeg,spa,Dominio público,https://creativecommons.org/publicdomain/mark/1.0/,image
093,/objects/garcia_photo_2_0402r.jpg,Casa del Sr. Vicepresidente de la Republica,"Cortés, Antonio; Carrillo, Antonio; Corona, Prisciliano; Escalante, José",1910-09-16,El Grito,"Arquitectura;Vida en la calle;Corral, Ramón, 1854-1912","Ciudad de México, México",,,"Genaro García Collection: Photographs, Benson Latin American Collection, LLILAS Benson Latin American Studies and Collections, The University of Texas at Austin",402,Fotografía,image/jpeg,spa,Dominio público,https://creativecommons.org/publicdomain/mark/1.0/,image
094,/objects/garcia_photo_2_0422r.jpg,[Edificio del Centro Mercantil],"Cortés, Antonio; Carrillo, Antonio; Corona, Prisciliano; Escalante, José",1910-09-16,El Grito,Arquitectura;Vida en la calle,"Ciudad de México, México",19.432083,-99.134592,"Genaro García Collection: Photographs, Benson Latin American Collection, LLILAS Benson Latin American Studies and Collections, The University of Texas at Austin",422,Fotografía,image/jpeg,spa,Dominio público,https://creativecommons.org/publicdomain/mark/1.0/,image
095,/objects/garcia_photo_2_0423r.jpg,Edificio de los Ferrocarriles Nacionales,"Cortés, Antonio; Carrillo, Antonio; Corona, Prisciliano; Escalante, José",1910-09-16,El Grito,Arquitectura;Vida en la calle,"Ciudad de México, México",19.459149,-99.179932,"Genaro García Collection: Photographs, Benson Latin American Collection, LLILAS Benson Latin American Studies and Collections, The University of Texas at Austin",423,Fotografía,image/jpeg,spa,Dominio público,https://creativecommons.org/publicdomain/mark/1.0/,image
096,/objects/garcia_photo_2_0427r.jpg,La Droguería de la Profesa iluminada,"Cortés, Antonio; Carrillo, Antonio; Corona, Prisciliano; Escalante, José",1910-09-15,El Grito,Alumbrado eléctrico;Vida nocturna,"Ciudad de México, México",19.433805,-99.136659,"Genaro García Collection: Photographs, Benson Latin American Collection, LLILAS Benson Latin American Studies and Collections, The University of Texas at Austin",427,Fotografía,image/jpeg,spa,Dominio público,https://creativecommons.org/publicdomain/mark/1.0/,image
097,/objects/garcia_photo_2_0428r.jpg,Edificio de «La Ciudad de Londres»,"Cortés, Antonio; Carrillo, Antonio; Corona, Prisciliano; Escalante, José",1910-09-15,El Grito,Arquitectura;Alumbrado eléctrico;Vida nocturna,"Ciudad de México, México",,,"Genaro García Collection: Photographs, Benson Latin American Collection, LLILAS Benson Latin American Studies and Collections, The University of Texas at Austin",428,Fotografía,image/jpeg,spa,Dominio público,https://creativecommons.org/publicdomain/mark/1.0/,image
098,/objects/garcia_photo_2_0432r.jpg,[El edificio de la Compañía Mexicana de Luz y Fuerza Motriz iluminado],"Cortés, Antonio; Carrillo, Antonio; Corona, Prisciliano; Escalante, José",1910-09-15,El Grito,Arquitectura;Alumbrado eléctrico;Vida nocturna,"Ciudad de México, México",,,"Genaro García Collection: Photographs, Benson Latin American Collection, LLILAS Benson Latin American Studies and Collections, The University of Texas at Austin",432,Fotografía,image/jpeg,spa,Dominio público,https://creativecommons.org/publicdomain/mark/1.0/,image
099,/objects/garcia_photo_2_0434r.jpg,"El edificio de ""La Esmeralda"" iluminado","Cortés, Antonio; Carrillo, Antonio; Corona, Prisciliano; Escalante, José",1910-09-15,El Grito,Arquitectura;Alumbrado eléctrico;Vida nocturna,"Ciudad de México, México",,,"Genaro García Collection: Photographs, Benson Latin American Collection, LLILAS Benson Latin American Studies and Collections, The University of Texas at Austin",434,Fotografía,image/jpeg,spa,Dominio público,https://creativecommons.org/publicdomain/mark/1.0/,image
100,/objects/garcia_photo_2_0436r.jpg,El edificio de Correos iluminado,"Cortés, Antonio; Carrillo, Antonio; Corona, Prisciliano; Escalante, José",1910-09-15,El Grito,Arquitectura;Alumbrado eléctrico;Vida nocturna,"Ciudad de México, México",,,"Genaro García Collection: Photographs, Benson Latin American Collection, LLILAS Benson Latin American Studies and Collections, The University of Texas at Austin",436,Fotografía,image/jpeg,spa,Dominio público,https://creativecommons.org/publicdomain/mark/1.0/,image
101,/objects/garcia_photo_4_0867r.jpg,La estación del Ferrocarril Mexicano iluminada,"Cortés, Antonio; Carrillo, Antonio; Corona, Prisciliano; Escalante, José",1910-09-15,El Grito,Alumbrado eléctrico;Vida nocturna,"Ciudad de México, México",,,"Genaro García Collection: Photographs, Benson Latin American Collection, LLILAS Benson Latin American Studies and Collections, The University of Texas at Austin",867,Fotografía,image/jpeg,spa,Dominio público,https://creativecommons.org/publicdomain/mark/1.0/,image
102,/objects/garcia_photo_4_0868r.jpg,El edificio de la Compañía Mexicana de Luz y Fuerza Motriz iluminado,"Cortés, Antonio; Carrillo, Antonio; Corona, Prisciliano; Escalante, José",1910-09-15,El Grito,Arquitectura;Alumbrado eléctrico;Vida nocturna,"Ciudad de México, México",,,"Genaro García Collection: Photographs, Benson Latin American Collection, LLILAS Benson Latin American Studies and Collections, The University of Texas at Austin",868,Fotografía,image/jpeg,spa,Dominio público,https://creativecommons.org/publicdomain/mark/1.0/,image
103,/objects/garcia_photo_1_0001r.jpg,El crucero “Freya” en la bahía de Veracruz,"Cortés, Antonio; Carrillo, Antonio; Corona, Prisciliano; Escalante, José",1910-09-03,Alemania (Representantes especiales),"Barcos;Cónsul;Alemania;Veracruz, México","Ciudad de México, México",19.19979497,-96.11899769,"Benson Latin American Collection, LLILAS Benson Latin American Studies and Collections, The University of Texas at Austin",1,Fotografías,image/tiff,spa,Dominio público,https://creativecommons.org/publicdomain/mark/1.0/,image
104,/objects/garcia_photo_2_0469r.jpg,La concurrencia al acto de la colocación de la primera piedra de la Cárcel General,"Cortés, Antonio; Carrillo, Antonio; Corona, Prisciliano; Escalante, José",1910-09-03,Cárcel General (Colocaciones de primevas piedras),"Arquitectura;Cárceles;Planos;Colocación de la primera piedra;Corral, Ramón, 1854-1912;Creel, Enrique C., 1854-1931;Fernández, Leandro;Fernández, Justino, 1828-1911;Núñez, Roberto, 1859-1912","Ciudad de México, México",18.90460402,-98.48135926,"Benson Latin American Collection, LLILAS Benson Latin American Studies and Collections, The University of Texas at Austin",469,Fotografías,image/tiff,spa,Dominio público,https://creativecommons.org/publicdomain/mark/1.0/,image
105,/objects/garcia_photo_4_0883r.jpg,El Sr. Vicepresidente de la República coloca la primera piedra de la Cárcel General,"Cortés, Antonio; Carrillo, Antonio; Corona, Prisciliano; Escalante, José",1910-09-03,Cárcel General (Colocaciones de primevas piedras),"Arquitectura;Cárceles;Colocación de la primera piedra;Corral, Ramón, 1854-1912;Creel, Enrique C., 1854-1931;Fernández, Leandro;Fernández, Justino, 1828-1911;Núñez, Roberto, 1859-1912","Ciudad de México, México",18.90460402,-98.48135926,"Benson Latin American Collection, LLILAS Benson Latin American Studies and Collections, The University of Texas at Austin",883,Fotografías,image/tiff,spa,Dominio público,https://creativecommons.org/publicdomain/mark/1.0/,image
106,/objects/garcia_photo_1_0124r.jpg,S. E. el Sr. Embajador de Italia lee su discurso relativo a la colocación de la primera piedra del monumento a Garibaldi,"Cortés, Antonio; Carrillo, Antonio; Corona, Prisciliano; Escalante, José",1910-09-20,Colocación de la primera piedra del monumento á Garibaldi (Italia),"Embajadores;Mujeres;Fotógrafos;Niños y niñas;Discurso;Colocación de la primera piedra;Monumentos;Italia;Bugnano, Don Alfredo Capece Minutolo, Marquis di;Garibaldi, Giuseppe, 1807-1882","Ciudad de México, México",19.42521491,-99.15552525,"Benson Latin American Collection, LLILAS Benson Latin American Studies and Collections, The University of Texas at Austin",124,Fotografías,image/tiff,spa,Dominio público,https://creativecommons.org/publicdomain/mark/1.0/,image
107,/objects/garcia_photo_1_0126r.jpg,El Sr. Secretario de Relaciones Exteriores lee su discurso relativo a la colocación de la primera piedra del monumento a Garibaldi,"Cortés, Antonio; Carrillo, Antonio; Corona, Prisciliano; Escalante, José",1910-09-20,Colocación de la primera piedra del monumento á Garibaldi (Italia),"Discurso;Colocación de la primera piedra;Monumentos;Italia;Creel, Enrique C., 1854-1931;Garibaldi, Giuseppe, 1807-1882","Ciudad de México, México",19.42520416,-99.15548636,"Benson Latin American Collection, LLILAS Benson Latin American Studies and Collections, The University of Texas at Austin",126,Fotografías,image/tiff,spa,Dominio público,https://creativecommons.org/publicdomain/mark/1.0/,image
108,/objects/garcia_photo_1_0112r.jpg,[La concurrencia de la colocacion de la primera piedra del monumento a Pasteur],"Cortés, Antonio; Carrillo, Antonio; Corona, Prisciliano; Escalante, José",1910-09-11,Colocación de la primera piedra del monumento á Pasteur (Francia),"Colocación de la primera piedra;Monumentos;Embajadores;Francia;Pasteur, Louis, 1822-1895;Díaz, Porfirio, 1830-1915;Lefaivre, Paul;Chávez, Ezequiel A., 1868-1946;Sierra, Justo, 1848-1912;Corral, Ramón, 1854-1912;González de Cosío, Manuel, 1836-1913;Landa y Escandón, Guillermo de, 1842-1927;Lefaivre, Paul","Ciudad de México, México",19.43191061,-99.15850946,"Benson Latin American Collection, LLILAS Benson Latin American Studies and Collections, The University of Texas at Austin",112,Fotografías,image/tiff,spa,Dominio público,https://creativecommons.org/publicdomain/mark/1.0/,image
109,/objects/garcia_photo_1_0113r.jpg,El Sr. Presidente de la República coloca la primera piedra del monumento a Pasteur,"Cortés, Antonio; Carrillo, Antonio; Corona, Prisciliano; Escalante, José",1910-09-11,Colocación de la primera piedra del monumento á Pasteur (Francia),"Colocación de la primera piedra;Monumentos;Embajadores;Francia;Pasteur, Louis, 1822-1895;Díaz, Porfirio, 1830-1915;Lefaivre, Paul;Corral, Ramón, 1854-1912;Sierra, Justo, 1848-1912;Lefaivre, PaulMolina, Olegario, 1843-1925","Ciudad de México, México",19.43191061,-99.15850946,"Benson Latin American Collection, LLILAS Benson Latin American Studies and Collections, The University of Texas at Austin",113,Fotografías,image/tiff,spa,Dominio público,https://creativecommons.org/publicdomain/mark/1.0/,image
110,/objects/garcia_photo_1_0067r.jpg,[El Sr. Presidente del Ayuntamiento de la ciudad de México lee su discurso relativo a la dedicación de la Avenida Isabel la Católica],"Cortés, Antonio; Carrillo, Antonio; Corona, Prisciliano; Escalante, José",1910-08-31,Dedicación de la Avenida Isabel la Católica (Actos oficiales solemnes),"Discurso;Arreglo y decoración de mesa;Dedicaciones;Arquitectura interior;España;Pimentel y Fagoaga, Fernando, 1851-1929;Díaz, Porfirio, 1830-1915;Cólogan y Cólogan, Bernardo J., 1847-1921;Isabella I, Queen of Spain, 1451-1504","Ciudad de México, México",19.43179852,-99.13386151,"Benson Latin American Collection, LLILAS Benson Latin American Studies and Collections, The University of Texas at Austin",67,Fotografías,image/tiff,spa,Dominio público,https://creativecommons.org/publicdomain/mark/1.0/,image
111,/objects/garcia_photo_1_0068r.jpg,[El Sr. Presidente del Ayuntamiento de la ciudad de México lee su discurso relativo a la dedicación de la Avenida Isabel la Católica],"Cortés, Antonio; Carrillo, Antonio; Corona, Prisciliano; Escalante, José",1910-08-31,Dedicación de la Avenida Isabel la Católica (Actos oficiales solemnes),"Arreglo y decoración de mesa;Dedicaciones;Arquitectura interior;España;Pimentel y Fagoaga, Fernando, 1851-1929;Cólogan y Cólogan, Bernardo J., 1847-1921;Isabella I, Queen of Spain, 1451-1504","Ciudad de México, México",19.43179852,-99.13386151,"Benson Latin American Collection, LLILAS Benson Latin American Studies and Collections, The University of Texas at Austin",68,Fotografías,image/tiff,spa,Dominio público,https://creativecommons.org/publicdomain/mark/1.0/,image
112,/objects/garcia_photo_2_0294r.jpg,[La mesa presidencial en el acto del descubrimiento de la lápida conmemorativa del Real Seminario de Minería],"Cortés, Antonio; Carrillo, Antonio; Corona, Prisciliano; Escalante, José",1910-09-12,En el edificio del Real Seminario de Mineria (Descubrimientos de lápidas conmemorativas),Escuelas y educación de minería;Placas;Mujeres;Indígenas,"Ciudad de México, México",19.43438611,-99.12836454,"Benson Latin American Collection, LLILAS Benson Latin American Studies and Collections, The University of Texas at Austin",294,Fotografías,image/tiff,spa,Dominio público,https://creativecommons.org/publicdomain/mark/1.0/,image
113,/objects/garcia_photo_2_0295r.jpg,La mesa presidencial en el acto del descubrimiento de la lápida conmemorativa del Real Seminario de Minería,"Cortés, Antonio; Carrillo, Antonio; Corona, Prisciliano; Escalante, José",1910-09-12,En el edificio del Real Seminario de Mineria (Descubrimientos de lápidas conmemorativas),Escuelas y educación de minería;Placas;Mujeres;Indígenas,"Ciudad de México, México",19.43438611,-99.12836454,"Benson Latin American Collection, LLILAS Benson Latin American Studies and Collections, The University of Texas at Austin",295,Fotografías,image/tiff,spa,Dominio público,https://creativecommons.org/publicdomain/mark/1.0/,image
114,/objects/garcia_photo_2_0291r.jpg,Niñas concurrentes al acto del descubrimiento de la lápida conmemorativa de la prisión de Morelos,"Cortés, Antonio; Carrillo, Antonio; Corona, Prisciliano; Escalante, José",1910-09-21,En la prisión de Morelos (Descubrimientos de lápidas conmemorativas),"Mujeres;Placas;Niños y niñas;Cárceles;Morelos, José María, 1765-1815","Ciudad de México, México",19.42958947,-99.14950647,"Benson Latin American Collection, LLILAS Benson Latin American Studies and Collections, The University of Texas at Austin",291,Fotografías,image/tiff,spa,Dominio público,https://creativecommons.org/publicdomain/mark/1.0/,image
115,/objects/garcia_photo_4_0817r.jpg,Lapida conmemorativa de la prisión de Morelos,"Cortés, Antonio; Carrillo, Antonio; Corona, Prisciliano; Escalante, José",1910-09-21,En la prisión de Morelos (Descubrimientos de lápidas conmemorativas),"Placas;Cárceles;Morelos, José María, 1765-1815","Ciudad de México, México",19.42947248,-99.14954065,"Benson Latin American Collection, LLILAS Benson Latin American Studies and Collections, The University of Texas at Austin",817,Fotografías,image/tiff,spa,Dominio público,https://creativecommons.org/publicdomain/mark/1.0/,image
116,/objects/garcia_photo_3_0567r.jpg,El estrado oficial en el acto de la inauguración de la Escuela N. de Altos Estudios,"Cortés, Antonio; Carrillo, Antonio; Corona, Prisciliano; Escalante, José",1910-09-18,Escuela Nacional de Altos Estudios (Inauguración de establecimientos educativos),Universidades y colegios;Educación;Estudiantes;Inauguraciones;Hospitalidad,"Ciudad de México, México",19.43305333,-99.12865803,"Benson Latin American Collection, LLILAS Benson Latin American Studies and Collections, The University of Texas at Austin",567,Fotografías,image/tiff,spa,Dominio público,https://creativecommons.org/publicdomain/mark/1.0/,image
117,/objects/garcia_photo_2_0482r.jpg,"Escuela Nacional Primaria Industrial para Niñas ""La Corregidora de Querétaro""","Cortés, Antonio; Carrillo, Antonio; Corona, Prisciliano; Escalante, José",1910-09-07,"Escuela Nacional Primaria Industrial para Niñas ""La Corregidora de Querétaro"" (Inauguración de establecimientos educativos)","Arquitectura;Educación;Mujeres;Vida en la calle;Inauguraciones;Niños y niñas;Ortiz de Domínguez, María Josefa, 1768-1829","Ciudad de México, México",19.43856097,-99.1401771,"Benson Latin American Collection, LLILAS Benson Latin American Studies and Collections, The University of Texas at Austin",482,Fotografías,image/tiff,spa,Dominio público,https://creativecommons.org/publicdomain/mark/1.0/,image
118,/objects/garcia_photo_2_0483r.jpg,"[Escuela Nacional Primaria Industrial para Niñas ""La Corregidora de Querétaro""]","Cortés, Antonio; Carrillo, Antonio; Corona, Prisciliano; Escalante, José",1910-09-07,"Escuela Nacional Primaria Industrial para Niñas ""La Corregidora de Querétaro"" (Inauguración de establecimientos educativos)","Arquitectura;Educación;Patios;Mujeres;Inauguraciones;Niños y niñas;Ortiz de Domínguez, María Josefa, 1768-1829","Ciudad de México, México",19.43927344,-99.14062752,"Benson Latin American Collection, LLILAS Benson Latin American Studies and Collections, The University of Texas at Austin",483,Fotografías,image/tiff,spa,Dominio público,https://creativecommons.org/publicdomain/mark/1.0/,image
119,/objects/garcia_photo_3_0502r.jpg,Salida de la concurrencia de la Escuela Normal,"Cortés, Antonio; Carrillo, Antonio; Corona, Prisciliano; Escalante, José",1910-09-12,Escuela Normal Primaria para Maestros (Inauguración de establecimientos educativos),Arquitectura;Fotógrafos;Educación;Automóviles;Inauguraciones;Universidades y colegios,"Ciudad de México, México",19.4502678,-99.17375429,"Benson Latin American Collection, LLILAS Benson Latin American Studies and Collections, The University of Texas at Austin",502,Fotografías,image/tiff,spa,Dominio público,https://creativecommons.org/publicdomain/mark/1.0/,image
120,/objects/garcia_photo_3_0503r.jpg,El Sr. Presidente de la República recorre la Escuela Normal,"Cortés, Antonio; Carrillo, Antonio; Corona, Prisciliano; Escalante, José",1910-09-12,Escuela Normal Primaria para Maestros (Inauguración de establecimientos educativos),"Mujeres;Educación;Inauguraciones;Universidades y colegios;Díaz, Porfirio, 1830-1915;Ortega Díaz, Delfina","Ciudad de México, México",19.4506646,-99.17378833,"Benson Latin American Collection, LLILAS Benson Latin American Studies and Collections, The University of Texas at Austin",503,Fotografías,image/tiff,spa,Dominio público,https://creativecommons.org/publicdomain/mark/1.0/,image
121,/objects/garcia_photo_3_0613r.jpg,[El Sr. Presidente de la Republica y su Gabinete llegan a la Exposición de Agricultura],"Cortés, Antonio; Carrillo, Antonio; Corona, Prisciliano; Escalante, José",1910-09-24,Exposición de Agricultura y Ganadería (Exposiciones científicas),"Funcionarios del gabinete;Mujeres;Multitudes;Niños y niñas;Ferias;Díaz, Porfirio, 1830-1915","Ciudad de México, México",19.44882349,-99.1714841,"Benson Latin American Collection, LLILAS Benson Latin American Studies and Collections, The University of Texas at Austin",613,Fotografías,image/tiff,spa,Dominio público,https://creativecommons.org/publicdomain/mark/1.0/,image
122,/objects/garcia_photo_3_0614r.jpg,El Sr. Presidente de la Republica y su Gabinete llegan a la Exposición de Agricultura,"Cortés, Antonio; Carrillo, Antonio; Corona, Prisciliano; Escalante, José",1910-09-24,Exposición de Agricultura y Ganadería (Exposiciones científicas),"Funcionarios del gabinete;Mujeres;Multitudes;Niños y niñas;Ferias;Díaz, Porfirio, 1830-1915","Ciudad de México, México",19.44882349,-99.1714841,"Benson Latin American Collection, LLILAS Benson Latin American Studies and Collections, The University of Texas at Austin",614,Fotografías,image/tiff,spa,Dominio público,https://creativecommons.org/publicdomain/mark/1.0/,image
123,/objects/garcia_photo_3_0642r.jpg,Jardín de la Exposición Japonesa ,"Cortés, Antonio; Carrillo, Antonio; Corona, Prisciliano; Escalante, José",1910-09-02,Exposición Japonesa (Exposiciones artísticas),Exposiciones;Jardines;Estanques;Japón,"Ciudad de México, México",19.44177949,-99.1569447,"Benson Latin American Collection, LLILAS Benson Latin American Studies and Collections, The University of Texas at Austin",642,Fotografías,image/tiff,spa,Dominio público,https://creativecommons.org/publicdomain/mark/1.0/,image
124,/objects/garcia_photo_3_0643r.jpg,[Jardín de la Exposición Japonesa],"Cortés, Antonio; Carrillo, Antonio; Corona, Prisciliano; Escalante, José",1910-09-02,Exposición Japonesa (Exposiciones artísticas),"Mujeres;Exposiciones;Jardines;Japón;Díaz, Porfirio, 1830-1915","Ciudad de México, México",19.44177949,-99.1569447,"Benson Latin American Collection, LLILAS Benson Latin American Studies and Collections, The University of Texas at Austin",643,Fotografías,image/tiff,spa,Dominio público,https://creativecommons.org/publicdomain/mark/1.0/,image
125,/objects/garcia_photo_1_0020r.jpg,[Monumento a Humboldt],"Cortés, Antonio; Carrillo, Antonio; Corona, Prisciliano; Escalante, José",1910-09-13,Inauguración del monumento á Humboldt (Alemania),"Monumentos;Arquitectura;Bibliotecas nacionales;Inauguración;Alemania;Humboldt, Alexander von, 1769-1859","Ciudad de México, México",19.43042272,-99.13665333,"Benson Latin American Collection, LLILAS Benson Latin American Studies and Collections, The University of Texas at Austin",20,Fotografías,image/tiff,spa,Dominio público,https://creativecommons.org/publicdomain/mark/1.0/,image
126,/objects/garcia_photo_1_0021r.jpg,Biblioteca Nacional,"Cortés, Antonio; Carrillo, Antonio; Corona, Prisciliano; Escalante, José",1910-09-13,Inauguración del monumento á Humboldt (Alemania),"Monumentos;Arquitectura;Bibliotecas nacionales;Mujeres;Niños y niñas;Inauguración;Alemania;Humboldt, Alexander von, 1769-1859","Ciudad de México, México",19.430598,-99.13679842,"Benson Latin American Collection, LLILAS Benson Latin American Studies and Collections, The University of Texas at Austin",21,Fotografías,image/tiff,spa,Dominio público,https://creativecommons.org/publicdomain/mark/1.0/,image
127,/objects/garcia_photo_3_0609r.jpg,El acto de la apertura del Congreso Médico,"Cortés, Antonio; Carrillo, Antonio; Corona, Prisciliano; Escalante, José",1910-09-19,IV Congreso Médico Nacional (Congresos),Atención médica;Congresos;Mujeres;Pintura y decoración mural,"Ciudad de México, México",19.4330687,-99.12879089,"Benson Latin American Collection, LLILAS Benson Latin American Studies and Collections, The University of Texas at Austin",609,Fotografías,image/tiff,spa,Dominio público,https://creativecommons.org/publicdomain/mark/1.0/,image
128,/objects/garcia_photo_3_0610r.jpg,[El Sr. Ministro de Instrucción Publica y varios miembros del Congreso Médico],"Cortés, Antonio; Carrillo, Antonio; Corona, Prisciliano; Escalante, José",1910-09-19,IV Congreso Médico Nacional (Congresos),"Atención médica;Congresos;Pintura y decoración mural;Sierra, Justo, 1848-1912","Ciudad de México, México",19.4330687,-99.12879089,"Benson Latin American Collection, LLILAS Benson Latin American Studies and Collections, The University of Texas at Austin",610,Fotografías,image/tiff,spa,Dominio público,https://creativecommons.org/publicdomain/mark/1.0/,image
129,/objects/garcia_photo_2_0348r.jpg,Aspecto del costado oriental de la Plaza de la Constitución durante la jura de la bandera por los niños,"Ramos, Manuel",1910-09-06,Jura de la bandera por los niños de las escuelas de la Capital,Niños y niñas;Plazas;Multitudes;Trenes;Banderas;Educación,"Ciudad de México, México",19.432025,-99.13211439,"Benson Latin American Collection, LLILAS Benson Latin American Studies and Collections, The University of Texas at Austin",348,Fotografías,image/tiff,spa,Dominio público,https://creativecommons.org/publicdomain/mark/1.0/,image
130,/objects/garcia_photo_2_0362r.jpg,Grupo de niñas que juraron la bandera en la Alameda de Santa María,"Cortés, Antonio; Carrillo, Antonio; Corona, Prisciliano; Escalante, José",1910-09-06,Jura de la bandera por los niños de las escuelas de la Capital,Mujeres;Niños y niñas;Renacimiento morisco (Arquitectura);Banderas;Educación,"Ciudad de México, México",19.44945456,-99.15689078,"Benson Latin American Collection, LLILAS Benson Latin American Studies and Collections, The University of Texas at Austin",362,Fotografías,image/tiff,spa,Dominio público,https://creativecommons.org/publicdomain/mark/1.0/,image
131,/objects/garcia_photo_2_0332r.jpg,La mesa presidencial en la manifestación de los estudiantes en honor de Juárez,"Cortés, Antonio; Carrillo, Antonio; Corona, Prisciliano; Escalante, José",1910-09-20,Manifestación en honor de Juárez (Homenajes á los héroes de la patria),"Mujeres;Actividades estudiantiles;Monumentos;Atención médica;Juárez, Benito, 1806-1872","Ciudad de México, México",19.43503879,-99.14419405,"Benson Latin American Collection, LLILAS Benson Latin American Studies and Collections, The University of Texas at Austin",332,Fotografías,image/tiff,spa,Dominio público,https://creativecommons.org/publicdomain/mark/1.0/,image
132,/objects/garcia_photo_4_0830r.jpg,El Sr. Rafael H. Valle lee su discurso en honor de Juárez,"Cortés, Antonio; Carrillo, Antonio; Corona, Prisciliano; Escalante, José",1910-09-20,Manifestación en honor de Juárez (Homenajes á los héroes de la patria),"Actividades estudiantiles;Monumentos;Atención médica;Juárez, Benito, 1806-1872","Ciudad de México, México",19.43504313,-99.14413297,"Benson Latin American Collection, LLILAS Benson Latin American Studies and Collections, The University of Texas at Austin",830,Fotografías,image/tiff,spa,Dominio público,https://creativecommons.org/publicdomain/mark/1.0/,image
133,/objects/garcia_photo_2_0445r.jpg,[Distribución de ropa a los niños pobres en la casa del Sr. Gobernador De Landa y Escandón],"Cortés, Antonio; Carrillo, Antonio; Corona, Prisciliano; Escalante, José",1910-09-01,Obsequios á los niños pobres,"Mujeres;Niños y niñas;Caridad;Ropa;Osio de Landa, Sofía;Landa y Escandón, Guillermo de, 1842-1927","Ciudad de México, México",19.43426337,-99.15592568,"Benson Latin American Collection, LLILAS Benson Latin American Studies and Collections, The University of Texas at Austin",445,Fotografías,image/tiff,spa,Dominio público,https://creativecommons.org/publicdomain/mark/1.0/,image
134,/objects/garcia_photo_4_0870r.jpg,Distribución de ropa a los niños pobres en la casa del Sr. Gobernador De Landa y Escandón,"Cortés, Antonio; Carrillo, Antonio; Corona, Prisciliano; Escalante, José",1910-09-01,Obsequios á los niños pobres,"Mujeres;Niños y niñas;Caridad;Ropa;Osio de Landa, Sofía;Landa y Escandón, Guillermo de, 1842-1927","Ciudad de México, México",19.43426337,-99.15592568,"Benson Latin American Collection, LLILAS Benson Latin American Studies and Collections, The University of Texas at Austin",870,Fotografías,image/tiff,spa,Dominio público,https://creativecommons.org/publicdomain/mark/1.0/,image
135,/objects/garcia_photo_3_0599r.jpg,El Sr. Ministro de Instrucción Publica y varios miembros del Congreso de Educación,"Cortés, Antonio; Carrillo, Antonio; Corona, Prisciliano; Escalante, José",1910-09-13,Primer Congreso Nacional de Educación Primaria (Congresos),"Congresos;Educación;Niños y niñas;Pintura y decoración mural;Sierra, Justo, 1848-1912;Chávez, Ezequiel A., 1868-1946","Ciudad de México, México",19.4330687,-99.12879089,"Benson Latin American Collection, LLILAS Benson Latin American Studies and Collections, The University of Texas at Austin",599,Fotografías,image/tiff,spa,Dominio público,https://creativecommons.org/publicdomain/mark/1.0/,image
136,/objects/garcia_photo_3_0604r.jpg,Aspecto del salón donde se efectuó la apertura del Congreso de Educación,"Cortés, Antonio; Carrillo, Antonio; Corona, Prisciliano; Escalante, José",1910-09-13,Primer Congreso Nacional de Educación Primaria (Congresos),Mujeres;Congresos;Educación;Niños y niñas,"Ciudad de México, México",19.4330687,-99.12879089,"Benson Latin American Collection, LLILAS Benson Latin American Studies and Collections, The University of Texas at Austin",604,Fotografías,image/tiff,spa,Dominio público,https://creativecommons.org/publicdomain/mark/1.0/,image
137,/objects/garcia_photo_3_0608r.jpg,La mesa directiva del Congreso de Estudiantes,"Cortés, Antonio; Carrillo, Antonio; Corona, Prisciliano; Escalante, José",1910-09-06,Primer Congreso Nacional de Estudiantes (Congresos),Estudiantes;Actividades estudiantiles;Mujeres;Museos nacionales;Congresos,"Ciudad de México, México",19.43324239,-99.13044923,"Benson Latin American Collection, LLILAS Benson Latin American Studies and Collections, The University of Texas at Austin",608,Fotografías,image/tiff,spa,Dominio público,https://creativecommons.org/publicdomain/mark/1.0/,image
138,/objects/garcia_photo_1_0183r.jpg,El patio del Museo Nacional a la llegada de la fuente bautismal de Hidalgo,"Cortés, Antonio; Carrillo, Antonio; Corona, Prisciliano; Escalante, José",1910-09-02,Translación al Museo de la fuente bautismal de Hidalgo,"Bautismo;Iglesia Católica;Multitudes;Museos nacionales;Hidalgo y Costilla, Miguel, 1753-1811","Ciudad de México, México",19.43308345,-99.13027496,"Benson Latin American Collection, LLILAS Benson Latin American Studies and Collections, The University of Texas at Austin",183,Fotografías,image/tiff,spa,Dominio público,https://creativecommons.org/publicdomain/mark/1.0/,image
139,/objects/garcia_photo_1_0184r.jpg,El Sr. Secretario de Instrucción Publica y Bellas Artes contesta al discurso de entrega de la fuente bautismal de Hidalgo,"Cortés, Antonio; Carrillo, Antonio; Corona, Prisciliano; Escalante, José",1910-09-02,Translación al Museo de la fuente bautismal de Hidalgo,"Bautismo;Iglesia Católica;Multitudes;Museos nacionales;Hidalgo y Costilla, Miguel, 1753-1811;Chávez, Ezequiel A., 1868-1946;Sierra, Justo, 1848-1912","Ciudad de México, México",19.43301326,-99.13041108,"Benson Latin American Collection, LLILAS Benson Latin American Studies and Collections, The University of Texas at Austin",184,Fotografías,image/tiff,spa,Dominio público,https://creativecommons.org/publicdomain/mark/1.0/,image
140,/objects/garcia_photo_3_0574r.jpg,El estrado oficial en el acto de la inauguración de la Universidad Nacional,"Cortés, Antonio; Carrillo, Antonio; Corona, Prisciliano; Escalante, José",1910-09-22,Universidad Nacional (Inauguración de establecimientos educativos),"Universidades y colegios;Educación;Auditorios;Instrumentos musicales;Inauguraciones;Sierra, Justo, 1848-1912","Ciudad de México, México",19.43442609,-99.13057084,"Benson Latin American Collection, LLILAS Benson Latin American Studies and Collections, The University of Texas at Austin",574,Fotografías,image/tiff,spa,Dominio público,https://creativecommons.org/publicdomain/mark/1.0/,image
141,/objects/garcia_photo_3_0578r.jpg,La concurrencia al acto de la inauguración de la Universidad Nacional,"Cortés, Antonio; Carrillo, Antonio; Corona, Prisciliano; Escalante, José",1910-09-22,Universidad Nacional (Inauguración de establecimientos educativos),Mujeres;Universidades y colegios;Multitudes;Estudiantes;Auditorios;Educación;Inauguraciones,"Ciudad de México, México",19.43442609,-99.13057084,"Benson Latin American Collection, LLILAS Benson Latin American Studies and Collections, The University of Texas at Austin",578,Fotografías,image/tiff,spa,Dominio público,https://creativecommons.org/publicdomain/mark/1.0/,image
142,/objects/garcia_photo_3_0581r.jpg,El acto de la apertura del Congreso de Americanistas,"Cortés, Antonio; Carrillo, Antonio; Corona, Prisciliano; Escalante, José",1910-09-07,XVII Congreso Internacional de Americanistas (Congresos),"Museos nacionales;Académicos;Congresos;San Juan Teotihuacán, México, México","Ciudad de México, México",19.43324239,-99.13044923,"Benson Latin American Collection, LLILAS Benson Latin American Studies and Collections, The University of Texas at Austin",581,Fotografías,image/tiff,spa,Dominio público,https://creativecommons.org/publicdomain/mark/1.0/,image
143,/objects/garcia_photo_3_0589r.jpg,Grupo de diplomáticos y americanistas en San Juan Teotihuacán,"Cortés, Antonio; Carrillo, Antonio; Corona, Prisciliano; Escalante, José",1910-09-10,XVII Congreso Internacional de Americanistas (Congresos),"Mujeres;Académicos;Congresos;San Juan Teotihuacán, México, México;Sierra, Justo, 1848-1912","Ciudad de México, México",19.68896737,-98.83683214,"Benson Latin American Collection, LLILAS Benson Latin American Studies and Collections, The University of Texas at Austin",589,Fotografías,image/tiff,spa,Dominio público,https://creativecommons.org/publicdomain/mark/1.0/,image